{"cameraMode":{"drawMode":0,"name":"Shaded","section":"Shading Mode"},"sceneLighting":true,"audioPlay":false,"sceneViewState":{"showFog":true,"showMaterialUpdate":false,"showSkybox":true,"showFlares":true,"showImageEffects":true,"showParticleSystems":true},"in2DMode":false,"pivot":{"x":0.5181994438171387,"y":0.7458338737487793,"z":0.058905720710754397},"rotation":{"x":-0.22046571969985963,"y":-0.6381285786628723,"z":0.19797231256961823,"w":-0.7106316685676575},"size":93.39884185791016,"orthographic":true}