{"cameraMode":{"drawMode":0,"name":"Shaded","section":"Shading Mode"},"sceneLighting":true,"audioPlay":false,"sceneViewState":{"showFog":true,"showMaterialUpdate":false,"showSkybox":true,"showFlares":true,"showImageEffects":true,"showParticleSystems":true},"in2DMode":false,"pivot":{"x":-0.07238483428955078,"y":1.5521388053894044,"z":1.2219767570495606},"rotation":{"x":0.21103546023368836,"y":-0.4210348427295685,"z":0.10139521956443787,"w":0.8763064742088318},"size":11.673355102539063,"orthographic":true}