{"cameraMode":{"drawMode":0,"name":"Shaded","section":"Shading Mode"},"sceneLighting":false,"audioPlay":false,"sceneViewState":{"showFog":true,"showMaterialUpdate":false,"showSkybox":false,"showFlares":true,"showImageEffects":true,"showParticleSystems":true},"in2DMode":false,"pivot":{"x":0.49380359053611758,"y":1.1835086345672608,"z":-0.33990755677223208},"rotation":{"x":-0.19216135144233704,"y":0.6727167367935181,"z":-0.18749096989631654,"w":-0.6894736886024475},"size":10.0,"orthographic":false}